<application>
  <component name="AdvancedSettings">
    <option name="settings">
      <map>
        <entry key="confirm.rerun.with.termination" value="false" />
        <entry key="editor.comment.line.caret.down" value="false" />
        <entry key="editor.maximize.on.double.click" value="false" />
        <entry key="editor.soft.wrap.force.limit" value="10" />
        <entry key="ide.open.readme.md.on.startup" value="false" />
        <entry key="ide.suppress.double.click.handler" value="true" />
      </map>
    </option>
  </component>
</application>