<application>
  <component name="AdvancedSettings">
    <option name="settings">
      <map>
        <entry key="confirm.rerun.with.termination" value="false" />
        <entry key="editor.comment.line.caret.down" value="false" />
        <entry key="editor.maximize.on.double.click" value="false" />
        <entry key="editor.show.special.chars" value="false" />
        <entry key="editor.soft.wrap.force.limit" value="10" />
        <entry key="ide.max.recent.projects" value="10" />
        <entry key="ide.open.readme.md.on.startup" value="false" />
        <entry key="ide.show.fileType.icon.in.titleBar" value="true" />
        <entry key="ide.suppress.double.click.handler" value="true" />
        <entry key="ide.tree.collapse.recursively" value="false" />
        <entry key="terminal.buffer.max.lines.count" value="1000" />
      </map>
    </option>
  </component>
</application>