<application>
  <component name="CodeFoldingSettings">
    <option name="COLLAPSE_METHODS" value="true" />
    <option name="COLLAPSE_DOC_COMMENTS" value="true" />
    <option name="COLLAPSE_CUSTOM_FOLDING_REGIONS" value="true" />
  </component>
  <component name="CodeInsightSettings">
    <option name="completionCaseSensitive" value="2" />
    <option name="COMPLETION_CASE_SENSITIVE" value="2" />
    <option name="REFORMAT_ON_PASTE" value="4" />
  </component>
  <component name="DefaultFont">
    <option name="FONT_SIZE" value="16" />
    <option name="FONT_REGULAR_SUB_FAMILY" value="Regular" />
    <option name="FONT_BOLD_SUB_FAMILY" value="Bold" />
  </component>
  <component name="EditorSettings">
    <option name="languageBreadcrumbsMap">
      <map>
        <entry key="CSS" value="true" />
        <entry key="HTML" value="true" />
        <entry key="Haml" value="true" />
        <entry key="JSON" value="true" />
        <entry key="JSP" value="true" />
        <entry key="JSPX" value="true" />
        <entry key="Jade" value="true" />
        <entry key="JavaScript" value="true" />
        <entry key="LESS" value="true" />
        <entry key="Markdown" value="false" />
        <entry key="SASS" value="true" />
        <entry key="SCSS" value="true" />
        <entry key="Stylus" value="true" />
        <entry key="TypeScript" value="true" />
        <entry key="XHTML" value="true" />
        <entry key="XML" value="true" />
        <entry key="yaml" value="true" />
      </map>
    </option>
    <option name="IS_VIRTUAL_SPACE" value="true" />
    <option name="IS_CARET_INSIDE_TABS" value="true" />
    <option name="STRIP_TRAILING_SPACES" value="Whole" />
    <option name="REMOVE_TRAILING_BLANK_LINES" value="true" />
    <option name="IS_CARET_BLINKING" value="false" />
    <option name="CARET_BLINKING_PERIOD" value="200" />
    <option name="SHOW_BREADCRUMBS_ABOVE" value="true" />
    <option name="SHOW_BREADCRUMBS" value="false" />
    <option name="ADDITIONAL_PAGE_AT_BOTTOM" value="true" />
    <option name="IS_WHEEL_FONTCHANGE_ENABLED" value="true" />
    <option name="BIDI_TEXT_DIRECTION" value="LTR" />
    <option name="KEEP_TRAILING_SPACE_ON_CARET_LINE" value="false" />
  </component>
  <component name="InlayHintsSettings">
    <option name="disabledLanguages">
      <set>
        <option value="Angular2Html" />
        <option value="Vue" />
      </set>
    </option>
    <option name="lastViewedProviderKeyId" value="parameter.hints.old" />
    <settingsMapElement>
      <JavaScript.js.type.hints>
        <Settings>
          <option name="showForInferredParameters" value="false" />
        </Settings>
      </JavaScript.js.type.hints>
    </settingsMapElement>
  </component>
  <component name="JSCodeFoldingSettings">
    <option name="collapseArrayLiterals" value="true" />
    <option name="collapseObjectLiterals" value="true" />
    <option name="collapseXmlLiterals" value="true" />
    <option name="COLLAPSE_OBJECT_LITERALS" value="true" />
    <option name="COLLAPSE_ARRAY_LITERALS" value="true" />
    <option name="COLLAPSE_XML_LITERALS" value="true" />
  </component>
  <component name="JSEditorOptions">
    <option name="START_STRING_INTERPOLATION_ON_TYPING" value="true" />
  </component>
  <component name="JsonEditorOptions">
    <option name="COLON_MOVE_OUTSIDE_QUOTES" value="true" />
    <option name="COMMA_MOVE_OUTSIDE_QUOTES" value="true" />
  </component>
</application>