<application>
  <component name="FeatureSuggesterSettings">
    <option name="workingDays">
      <list>
        <option value="1650619160484" />
        <option value="1650876432455" />
        <option value="1650963799895" />
        <option value="1651042478378" />
        <option value="1651135458967" />
        <option value="1651217215758" />
        <option value="1651481014431" />
        <option value="1651565555368" />
        <option value="1651650769414" />
        <option value="1651734842299" />
        <option value="1651822332646" />
        <option value="1652085861572" />
        <option value="1652174531800" />
        <option value="1652252704110" />
        <option value="1652340820572" />
        <option value="1652421331908" />
        <option value="1652684872019" />
        <option value="1652775914300" />
        <option value="1652858213503" />
        <option value="1652963286472" />
        <option value="1653027004982" />
        <option value="1653288451956" />
      </list>
    </option>
  </component>
</application>