<application>
  <component name="ActionMacroManager">
    <macro name="UP x5">
      <action id="EditorUp" />
      <action id="EditorUp" />
      <action id="EditorUp" />
      <action id="EditorUp" />
      <action id="EditorUp" />
    </macro>
    <macro name="DOWN x5 with Selection">
      <action id="EditorDownWithSelection" />
      <action id="EditorDownWithSelection" />
      <action id="EditorDownWithSelection" />
      <action id="EditorDownWithSelection" />
      <action id="EditorDownWithSelection" />
    </macro>
    <macro name="UP x5 with Selection">
      <action id="EditorUpWithSelection" />
      <action id="EditorUpWithSelection" />
      <action id="EditorUpWithSelection" />
      <action id="EditorUpWithSelection" />
      <action id="EditorUpWithSelection" />
    </macro>
    <macro name="NEXT WORD x3">
      <action id="EditorNextWord" />
      <action id="EditorNextWord" />
      <action id="EditorNextWord" />
    </macro>
    <macro name="PREV WORD x3">
      <action id="EditorPreviousWord" />
      <action id="EditorPreviousWord" />
      <action id="EditorPreviousWord" />
    </macro>
    <macro name="Down x5 Project view">
      <action id="Tree-selectNext" />
      <action id="Tree-selectNext" />
      <action id="Tree-selectNext" />
      <action id="Tree-selectNext" />
      <action id="Tree-selectNext" />
    </macro>
    <macro name="Up x5 Project View">
      <action id="Tree-selectPrevious" />
      <action id="Tree-selectPrevious" />
      <action id="Tree-selectPrevious" />
      <action id="Tree-selectPrevious" />
      <action id="Tree-selectPrevious" />
    </macro>
    <macro name="Right 10x">
      <action id="EditorRight" />
      <action id="EditorRight" />
      <action id="EditorRight" />
      <action id="EditorRight" />
      <action id="EditorRight" />
      <action id="EditorRight" />
      <action id="EditorRight" />
      <action id="EditorRight" />
      <action id="EditorRight" />
      <action id="EditorRight" />
    </macro>
    <macro name="Left x10">
      <action id="EditorLeft" />
      <action id="EditorLeft" />
      <action id="EditorLeft" />
      <action id="EditorLeft" />
      <action id="EditorLeft" />
      <action id="EditorLeft" />
      <action id="EditorLeft" />
      <action id="EditorLeft" />
      <action id="EditorLeft" />
      <action id="EditorLeft" />
    </macro>
    <macro name="DOWN x5">
      <action id="EditorDown" />
      <action id="EditorDown" />
      <action id="EditorDown" />
      <action id="EditorDown" />
      <action id="EditorDown" />
    </macro>
    <macro name="DOWN x3">
      <action id="EditorDown" />
      <action id="EditorDown" />
      <action id="EditorDown" />
    </macro>
    <macro name="DOWN w/ selection">
      <action id="EditorDownWithSelection" />
      <action id="EditorDownWithSelection" />
      <action id="EditorDownWithSelection" />
    </macro>
    <macro name="UP x3">
      <action id="EditorUp" />
      <action id="EditorUp" />
      <action id="EditorUp" />
    </macro>
    <macro name="UP x3 w/ selection">
      <action id="EditorUpWithSelection" />
      <action id="EditorUpWithSelection" />
      <action id="EditorUpWithSelection" />
    </macro>
  </component>
</application>