<application>
  <component name="NodeJsLocalInterpreterManager">
    <local-interpreter path="C:/Program Files/nodejs/node.exe">
      <version-cache last-modified="0" />
    </local-interpreter>
    <local-interpreter path="C:/Program Files/Volta/node.exe">
      <version-cache version="16.14.2" last-modified="1647898848000" />
    </local-interpreter>
    <local-interpreter path="$USER_HOME$/AppData/Roaming/nvm/v14.18.2/node.exe">
      <version-cache version="14.18.2" last-modified="1639728805813" />
    </local-interpreter>
  </component>
</application>