<application>
  <component name="UISettings">
    <option name="ACTIVATE_RIGHT_EDITOR_ON_CLOSE" value="true" />
    <option name="DISABLE_MNEMONICS" value="true" />
    <option name="DISABLE_MNEMONICS_IN_CONTROLS" value="true" />
    <option name="EDITOR_TAB_LIMIT" value="15" />
    <option name="FULL_PATHS_IN_TITLE_BAR" value="true" />
    <option name="HIDE_TOOL_STRIPES" value="true" />
    <option name="OPEN_TABS_AT_THE_END" value="true" />
    <option name="SCROLL_TAB_LAYOUT_IN_EDITOR" value="false" />
    <option name="SHOW_CLOSE_BUTTON" value="false" />
    <option name="SHOW_MAIN_TOOLBAR" value="true" />
    <option name="SHOW_NAVIGATION_BAR" value="false" />
    <option name="SHOW_STATUS_BAR" value="false" />
  </component>
</application>