<keymap version="1" name="Custom" parent="$default">
  <action id="$Copy">
    <keyboard-shortcut first-keystroke="ctrl c" />
  </action>
  <action id="$Cut">
    <keyboard-shortcut first-keystroke="ctrl x" />
  </action>
  <action id="$LRU">
    <keyboard-shortcut first-keystroke="alt r" />
  </action>
  <action id="$Redo">
    <keyboard-shortcut first-keystroke="shift ctrl z" />
  </action>
  <action id="$Undo">
    <keyboard-shortcut first-keystroke="ctrl z" />
  </action>
  <action id="ActivateFindToolWindow">
    <keyboard-shortcut first-keystroke="alt f" />
  </action>
  <action id="ActivateProblemsViewToolWindow">
    <keyboard-shortcut first-keystroke="alt 9" />
  </action>
  <action id="ActivateTerminalToolWindow">
    <keyboard-shortcut first-keystroke="alt 3" />
  </action>
  <action id="ActivateVersionControlToolWindow">
    <keyboard-shortcut first-keystroke="alt f12" />
  </action>
  <action id="ActivatenpmToolWindow">
    <keyboard-shortcut first-keystroke="alt 6" />
  </action>
  <action id="Annotate">
    <keyboard-shortcut first-keystroke="alt a" />
  </action>
  <action id="AutoIndentLines">
    <keyboard-shortcut first-keystroke="ctrl alt i" />
    <keyboard-shortcut first-keystroke="shift alt enter" />
  </action>
  <action id="Back">
    <keyboard-shortcut first-keystroke="ctrl alt left" />
  </action>
  <action id="CloseContent">
    <keyboard-shortcut first-keystroke="ctrl f4" />
    <keyboard-shortcut first-keystroke="alt e" />
  </action>
  <action id="CollapseExpandableComponent">
    <keyboard-shortcut first-keystroke="ctrl subtract" />
    <keyboard-shortcut first-keystroke="ctrl minus" />
  </action>
  <action id="Console.Execute.Multiline" />
  <action id="Console.SplitLine">
    <keyboard-shortcut first-keystroke="ctrl alt enter" />
  </action>
  <action id="DebugClass">
    <keyboard-shortcut first-keystroke="shift alt 2" />
  </action>
  <action id="Debugger.AddToWatch">
    <keyboard-shortcut first-keystroke="insert" />
  </action>
  <action id="Diff.ApplyLeftSide" />
  <action id="DomElementsTreeView.DeleteElement">
    <keyboard-shortcut first-keystroke="delete" />
  </action>
  <action id="Editor LRU">
    <keyboard-shortcut first-keystroke="alt r" />
  </action>
  <action id="EditorBackSpace">
    <keyboard-shortcut first-keystroke="back_space" />
    <keyboard-shortcut first-keystroke="shift back_space" />
    <keyboard-shortcut first-keystroke="shift delete" />
  </action>
  <action id="EditorCloneCaretAbove">
    <keyboard-shortcut first-keystroke="alt subtract" />
  </action>
  <action id="EditorCloneCaretBelow">
    <keyboard-shortcut first-keystroke="alt add" />
  </action>
  <action id="EditorDeleteLine">
    <keyboard-shortcut first-keystroke="ctrl y" />
    <keyboard-shortcut first-keystroke="alt d" />
  </action>
  <action id="EditorDeleteToWordEndInDifferentHumpsMode">
    <keyboard-shortcut first-keystroke="shift ctrl back_space" />
  </action>
  <action id="EditorDeleteToWordStartInDifferentHumpsMode">
    <keyboard-shortcut first-keystroke="shift ctrl delete" />
  </action>
  <action id="EditorMatchBrace">
    <keyboard-shortcut first-keystroke="shift ctrl m" />
    <keyboard-shortcut first-keystroke="shift alt subtract" />
  </action>
  <action id="EditorMoveDownAndScroll">
    <keyboard-shortcut first-keystroke="ctrl down" />
  </action>
  <action id="EditorMoveDownAndScrollWithSelection">
    <keyboard-shortcut first-keystroke="shift ctrl down" />
  </action>
  <action id="EditorMoveToPageBottom">
    <keyboard-shortcut first-keystroke="alt page_down" />
  </action>
  <action id="EditorMoveToPageBottomWithSelection">
    <keyboard-shortcut first-keystroke="shift alt page_down" />
  </action>
  <action id="EditorMoveToPageTop">
    <keyboard-shortcut first-keystroke="alt page_up" />
  </action>
  <action id="EditorMoveToPageTopWithSelection">
    <keyboard-shortcut first-keystroke="shift alt page_up" />
  </action>
  <action id="EditorMoveUpAndScroll">
    <keyboard-shortcut first-keystroke="ctrl up" />
  </action>
  <action id="EditorMoveUpAndScrollWithSelection">
    <keyboard-shortcut first-keystroke="shift ctrl up" />
  </action>
  <action id="EditorPageDown">
    <keyboard-shortcut first-keystroke="ctrl page_down" />
    <keyboard-shortcut first-keystroke="alt end" />
  </action>
  <action id="EditorPageDownWithSelection">
    <keyboard-shortcut first-keystroke="shift ctrl page_down" />
    <keyboard-shortcut first-keystroke="shift alt end" />
  </action>
  <action id="EditorPageUp">
    <keyboard-shortcut first-keystroke="ctrl page_up" />
    <keyboard-shortcut first-keystroke="alt home" />
  </action>
  <action id="EditorPageUpWithSelection">
    <keyboard-shortcut first-keystroke="shift ctrl page_up" />
    <keyboard-shortcut first-keystroke="shift alt home" />
  </action>
  <action id="EditorScrollDown">
    <keyboard-shortcut first-keystroke="ctrl alt down" />
    <keyboard-shortcut first-keystroke="alt down" />
  </action>
  <action id="EditorScrollToCenter">
    <keyboard-shortcut first-keystroke="ctrl f24" />
    <keyboard-shortcut first-keystroke="alt f24" />
    <keyboard-shortcut first-keystroke="f24" />
    <keyboard-shortcut first-keystroke="shift ctrl f24" />
  </action>
  <action id="EditorScrollUp">
    <keyboard-shortcut first-keystroke="alt up" />
  </action>
  <action id="EditorSplitLine">
    <keyboard-shortcut first-keystroke="ctrl alt enter" />
    <keyboard-shortcut first-keystroke="shift ctrl alt enter" />
  </action>
  <action id="EditorStartNewLine">
    <keyboard-shortcut first-keystroke="ctrl enter" />
  </action>
  <action id="EditorStartNewLineBefore">
    <keyboard-shortcut first-keystroke="shift enter" />
  </action>
  <action id="EditorTextEnd">
    <keyboard-shortcut first-keystroke="ctrl alt page_down" />
    <keyboard-shortcut first-keystroke="ctrl alt end" />
  </action>
  <action id="EditorTextEndWithSelection">
    <keyboard-shortcut first-keystroke="shift ctrl alt page_down" />
    <keyboard-shortcut first-keystroke="shift ctrl alt end" />
  </action>
  <action id="EditorTextStart">
    <keyboard-shortcut first-keystroke="ctrl alt page_up" />
    <keyboard-shortcut first-keystroke="ctrl alt home" />
  </action>
  <action id="EditorTextStartWithSelection">
    <keyboard-shortcut first-keystroke="shift ctrl alt page_up" />
    <keyboard-shortcut first-keystroke="shift ctrl alt home" />
  </action>
  <action id="ExpandAllToLevel1" />
  <action id="ExpandAllToLevel2" />
  <action id="ExpandAllToLevel3" />
  <action id="ExpandAllToLevel4" />
  <action id="ExpandAllToLevel5" />
  <action id="ExpandExpandableComponent">
    <keyboard-shortcut first-keystroke="ctrl add" />
    <keyboard-shortcut first-keystroke="ctrl equals" />
  </action>
  <action id="ExpandToLevel1" />
  <action id="ExpandToLevel2" />
  <action id="ExpandToLevel3" />
  <action id="ExpandToLevel4" />
  <action id="ExpandToLevel5" />
  <action id="ExportToTextFile" />
  <action id="Forward">
    <keyboard-shortcut first-keystroke="ctrl alt right" />
  </action>
  <action id="Generate" />
  <action id="GotoNextBookmark">
    <keyboard-shortcut first-keystroke="shift f11" />
  </action>
  <action id="GotoPreviousBookmark">
    <keyboard-shortcut first-keystroke="shift ctrl f11" />
  </action>
  <action id="GotoRelated" />
  <action id="GotoTest" />
  <action id="HideAllWindows">
    <keyboard-shortcut first-keystroke="shift ctrl f12" />
    <keyboard-shortcut first-keystroke="alt quote" />
  </action>
  <action id="JumpToLastChange" />
  <action id="JumpToLastWindow" />
  <action id="List-scrollDown" />
  <action id="List-scrollUp" />
  <action id="List-scrollUpExtendSelection" />
  <action id="Macro.DOWN x5">
    <keyboard-shortcut first-keystroke="page_down" />
  </action>
  <action id="Macro.DOWN x5 with Selection">
    <keyboard-shortcut first-keystroke="shift page_down" />
  </action>
  <action id="Macro.NEXT WORD x3">
    <keyboard-shortcut first-keystroke="ctrl end" />
  </action>
  <action id="Macro.PREV WORD x3">
    <keyboard-shortcut first-keystroke="ctrl home" />
  </action>
  <action id="Macro.UP x5">
    <keyboard-shortcut first-keystroke="page_up" />
  </action>
  <action id="Macro.UP x5 with Selection">
    <keyboard-shortcut first-keystroke="shift page_up" />
  </action>
  <action id="Macro.Up x5 Project View">
    <keyboard-shortcut first-keystroke="page_up" />
  </action>
  <action id="MethodDown" />
  <action id="MethodUp" />
  <action id="MoveEditorToOppositeTabGroup">
    <keyboard-shortcut first-keystroke="shift alt f24" />
  </action>
  <action id="MoveElementLeft">
    <keyboard-shortcut first-keystroke="shift alt left" />
  </action>
  <action id="MoveElementRight">
    <keyboard-shortcut first-keystroke="shift alt right" />
  </action>
  <action id="MoveStatementDown" />
  <action id="MoveStatementUp" />
  <action id="MoveTabRight">
    <keyboard-shortcut first-keystroke="shift alt divide" />
  </action>
  <action id="NavBar-selectHome" />
  <action id="NewElement" />
  <action id="NewElementMenu">
    <keyboard-shortcut first-keystroke="alt insert" />
  </action>
  <action id="NextEditorTab" />
  <action id="NextOccurence" />
  <action id="NextSplitter">
    <keyboard-shortcut first-keystroke="alt q" />
    <keyboard-shortcut first-keystroke="ctrl q" />
  </action>
  <action id="OpenFile">
    <keyboard-shortcut first-keystroke="ctrl o" />
    <keyboard-shortcut first-keystroke="alt o" />
  </action>
  <action id="OpenInRightSplit">
    <mouse-shortcut keystroke="alt button1 doubleClick" />
  </action>
  <action id="OverrideMethods" />
  <action id="PrevSplitter">
    <keyboard-shortcut first-keystroke="shift alt q" />
  </action>
  <action id="PreviousEditorTab" />
  <action id="PreviousOccurence" />
  <action id="ProjectViewChangeView" />
  <action id="QuickActionPopup" />
  <action id="ReopenClosedTab">
    <keyboard-shortcut first-keystroke="shift ctrl t" />
    <keyboard-shortcut first-keystroke="alt t" />
  </action>
  <action id="RunClass">
    <keyboard-shortcut first-keystroke="shift ctrl f10" />
    <keyboard-shortcut first-keystroke="shift alt 1" />
  </action>
  <action id="SearchEverywhere.NavigateToNextGroup">
    <keyboard-shortcut first-keystroke="ctrl down" />
  </action>
  <action id="SearchEverywhere.NavigateToPrevGroup">
    <keyboard-shortcut first-keystroke="ctrl up" />
  </action>
  <action id="SelectIn">
    <keyboard-shortcut first-keystroke="shift alt f1" />
  </action>
  <action id="SelectInProjectView">
    <keyboard-shortcut first-keystroke="alt f1" />
  </action>
  <action id="ServiceView.ShowServices" />
  <action id="ShowBookmarks" />
  <action id="ShowNavBar" />
  <action id="SplitChooser.Duplicate" />
  <action id="StretchSplitToBottom">
    <keyboard-shortcut first-keystroke="shift ctrl alt down" />
  </action>
  <action id="StretchSplitToLeft">
    <keyboard-shortcut first-keystroke="shift ctrl alt left" />
  </action>
  <action id="StretchSplitToRight">
    <keyboard-shortcut first-keystroke="shift ctrl alt right" />
  </action>
  <action id="StretchSplitToTop">
    <keyboard-shortcut first-keystroke="shift ctrl alt up" />
  </action>
  <action id="Switcher" />
  <action id="Table-scrollDownChangeSelection" />
  <action id="Table-scrollDownExtendSelection" />
  <action id="Table-scrollUpChangeSelection" />
  <action id="Table-selectFirstRow" />
  <action id="Terminal.MoveToolWindowTabLeft" />
  <action id="Terminal.MoveToolWindowTabRight" />
  <action id="Terminal.SmartCommandExecution.Run" />
  <action id="ToggleBookmark">
    <keyboard-shortcut first-keystroke="f11" />
    <keyboard-shortcut first-keystroke="alt divide" />
  </action>
  <action id="ToggleBreakpointEnabled">
    <keyboard-shortcut first-keystroke="shift ctrl multiply" />
    <keyboard-shortcut first-keystroke="shift alt multiply" />
  </action>
  <action id="ToggleLineBreakpoint">
    <keyboard-shortcut first-keystroke="ctrl f8" />
    <keyboard-shortcut first-keystroke="ctrl multiply" />
    <keyboard-shortcut first-keystroke="alt multiply" />
  </action>
  <action id="ToggleTemporaryLineBreakpoint" />
  <action id="Tree-scrollDownExtendSelection" />
  <action id="Tree-scrollUpExtendSelection" />
  <action id="Tree-selectFirst" />
  <action id="Tree-selectLastExtendSelection" />
  <action id="UnsplitAll">
    <keyboard-shortcut first-keystroke="shift alt clear" />
  </action>
  <action id="Unwrap" />
  <action id="UsageView.Exclude">
    <keyboard-shortcut first-keystroke="delete" />
  </action>
  <action id="Vcs.RollbackChangedLines">
    <keyboard-shortcut first-keystroke="ctrl alt z" />
    <keyboard-shortcut first-keystroke="alt z" />
  </action>
  <action id="VcsShowNextChangeMarker" />
  <action id="VcsShowPrevChangeMarker" />
  <action id="ViewSource" />
  <action id="XDebugger.MoveWatchDown" />
  <action id="context.save" />
</keymap>