<keymap version="1" name="Custom" parent="$default">
  <action id="$Copy">
    <keyboard-shortcut first-keystroke="ctrl c" />
  </action>
  <action id="$Cut">
    <keyboard-shortcut first-keystroke="ctrl x" />
  </action>
  <action id="$LRU">
    <keyboard-shortcut first-keystroke="alt r" />
  </action>
  <action id="$Redo">
    <keyboard-shortcut first-keystroke="shift ctrl z" />
  </action>
  <action id="$Undo">
    <keyboard-shortcut first-keystroke="ctrl z" />
    <keyboard-shortcut first-keystroke="alt z" />
  </action>
  <action id="ActivateCommitToolWindow">
    <keyboard-shortcut first-keystroke="alt 8" />
  </action>
  <action id="ActivateFindToolWindow" />
  <action id="ActivateProblemsViewToolWindow">
    <keyboard-shortcut first-keystroke="alt 9" />
  </action>
  <action id="ActivateServicesToolWindow">
    <keyboard-shortcut first-keystroke="alt 6" />
  </action>
  <action id="ActivateStructureToolWindow">
    <keyboard-shortcut first-keystroke="alt 0" />
  </action>
  <action id="ActivateTerminalToolWindow">
    <keyboard-shortcut first-keystroke="alt 3" />
  </action>
  <action id="ActivateVersionControlToolWindow">
    <keyboard-shortcut first-keystroke="alt minus" />
  </action>
  <action id="ActivatenpmToolWindow">
    <keyboard-shortcut first-keystroke="alt 7" />
  </action>
  <action id="Annotate">
    <keyboard-shortcut first-keystroke="alt a" />
  </action>
  <action id="Arrangement.Alias.Rule.Match.Condition.Move.Down" />
  <action id="Arrangement.Rule.Group.Condition.Move.Down" />
  <action id="Arrangement.Rule.Group.Condition.Move.Up" />
  <action id="Arrangement.Rule.Match.Condition.Move.Down" />
  <action id="Arrangement.Rule.Match.Condition.Move.Up" />
  <action id="AutoIndentLines">
    <keyboard-shortcut first-keystroke="shift alt enter" />
  </action>
  <action id="Back">
    <keyboard-shortcut first-keystroke="alt subtract" />
    <mouse-shortcut keystroke="button4" />
  </action>
  <action id="ChangesView.Diff">
    <keyboard-shortcut first-keystroke="shift alt a" />
  </action>
  <action id="ChangesView.GroupBy.Directory" />
  <action id="ChangesView.GroupBy.Module" />
  <action id="ChangesView.Move" />
  <action id="ChangesView.ToggleCommitUi" />
  <action id="ChangesView.UnshelveSilently" />
  <action id="CheckinProject" />
  <action id="ChooseDebugConfiguration" />
  <action id="CloseActiveTab">
    <keyboard-shortcut first-keystroke="shift ctrl f4" />
    <keyboard-shortcut first-keystroke="alt x" />
  </action>
  <action id="CloseContent">
    <keyboard-shortcut first-keystroke="ctrl f4" />
    <keyboard-shortcut first-keystroke="alt x" />
  </action>
  <action id="CodeInspection.OnEditor" />
  <action id="CollapseAllRegions">
    <keyboard-shortcut first-keystroke="shift alt w" />
    <keyboard-shortcut first-keystroke="shift ctrl subtract" />
    <keyboard-shortcut first-keystroke="shift ctrl alt subtract" />
  </action>
  <action id="CollapseExpandableComponent">
    <keyboard-shortcut first-keystroke="ctrl subtract" />
    <keyboard-shortcut first-keystroke="ctrl minus" />
  </action>
  <action id="CollapseRegion" />
  <action id="CollapseRegionRecursively">
    <keyboard-shortcut first-keystroke="ctrl subtract" />
    <keyboard-shortcut first-keystroke="alt w" />
  </action>
  <action id="CompareTwoFiles" />
  <action id="Console.Execute.Multiline" />
  <action id="Console.SplitLine">
    <keyboard-shortcut first-keystroke="ctrl alt enter" />
  </action>
  <action id="CopyElement" />
  <action id="DebugClass">
    <keyboard-shortcut first-keystroke="shift alt 2" />
    <keyboard-shortcut first-keystroke="shift alt f9" />
  </action>
  <action id="Debugger.AddToWatch">
    <keyboard-shortcut first-keystroke="insert" />
  </action>
  <action id="Debugger.RemoveAllBreakpointsInFile">
    <keyboard-shortcut first-keystroke="shift ctrl alt multiply" />
  </action>
  <action id="Diff.ApplyLeftSide" />
  <action id="Diff.ShowDiff">
    <keyboard-shortcut first-keystroke="shift alt a" />
  </action>
  <action id="Diff.ShowSettingsPopup" />
  <action id="DomElementsTreeView.DeleteElement">
    <keyboard-shortcut first-keystroke="delete" />
  </action>
  <action id="DumpLookupElementWeights" />
  <action id="Editor LRU">
    <keyboard-shortcut first-keystroke="alt r" />
  </action>
  <action id="Editor Undo">
    <keyboard-shortcut first-keystroke="alt z" />
  </action>
  <action id="EditorBackSpace">
    <keyboard-shortcut first-keystroke="back_space" />
    <keyboard-shortcut first-keystroke="shift delete" />
  </action>
  <action id="EditorCloneCaretAbove">
    <keyboard-shortcut first-keystroke="ctrl alt subtract" />
  </action>
  <action id="EditorCloneCaretBelow">
    <keyboard-shortcut first-keystroke="ctrl alt add" />
  </action>
  <action id="EditorCodeBlockStart" />
  <action id="EditorContextInfo" />
  <action id="EditorDeleteLine">
    <keyboard-shortcut first-keystroke="alt d" />
  </action>
  <action id="EditorDeleteToLineEnd">
    <keyboard-shortcut first-keystroke="shift ctrl delete" />
  </action>
  <action id="EditorDeleteToLineStart">
    <keyboard-shortcut first-keystroke="ctrl i" />
    <keyboard-shortcut first-keystroke="shift ctrl back_space" />
  </action>
  <action id="EditorDeleteToWordEndInDifferentHumpsMode">
    <keyboard-shortcut first-keystroke="shift alt delete" />
    <keyboard-shortcut first-keystroke="shift alt d" />
    <keyboard-shortcut first-keystroke="alt delete" />
  </action>
  <action id="EditorDeleteToWordStartInDifferentHumpsMode">
    <keyboard-shortcut first-keystroke="shift alt back_space" />
    <keyboard-shortcut first-keystroke="alt back_space" />
  </action>
  <action id="EditorDown">
    <keyboard-shortcut first-keystroke="down" />
    <keyboard-shortcut first-keystroke="alt down" />
    <keyboard-shortcut first-keystroke="alt l" />
    <keyboard-shortcut first-keystroke="ctrl down" />
  </action>
  <action id="EditorDownWithSelection">
    <keyboard-shortcut first-keystroke="shift down" />
    <keyboard-shortcut first-keystroke="shift alt l" />
  </action>
  <action id="EditorJoinLines" />
  <action id="EditorLeft">
    <keyboard-shortcut first-keystroke="left" />
    <keyboard-shortcut first-keystroke="alt k" />
  </action>
  <action id="EditorLeftWithSelection">
    <keyboard-shortcut first-keystroke="shift left" />
    <keyboard-shortcut first-keystroke="shift alt k" />
  </action>
  <action id="EditorLineEnd">
    <keyboard-shortcut first-keystroke="end" />
    <keyboard-shortcut first-keystroke="alt end" />
    <keyboard-shortcut first-keystroke="alt p" />
    <keyboard-shortcut first-keystroke="ctrl alt p" />
  </action>
  <action id="EditorLineEndWithSelection">
    <keyboard-shortcut first-keystroke="shift end" />
    <keyboard-shortcut first-keystroke="shift ctrl end" />
    <keyboard-shortcut first-keystroke="shift alt p" />
  </action>
  <action id="EditorLineStart">
    <keyboard-shortcut first-keystroke="home" />
    <keyboard-shortcut first-keystroke="alt home" />
    <keyboard-shortcut first-keystroke="alt i" />
    <keyboard-shortcut first-keystroke="ctrl alt i" />
  </action>
  <action id="EditorLineStartWithSelection">
    <keyboard-shortcut first-keystroke="shift home" />
    <keyboard-shortcut first-keystroke="shift ctrl home" />
    <keyboard-shortcut first-keystroke="shift alt i" />
  </action>
  <action id="EditorLookupDown" />
  <action id="EditorLookupUp" />
  <action id="EditorMatchBrace">
    <keyboard-shortcut first-keystroke="ctrl alt m" />
  </action>
  <action id="EditorMoveToPageBottom">
    <keyboard-shortcut first-keystroke="shift alt page_down" />
    <keyboard-shortcut first-keystroke="ctrl alt u" />
    <keyboard-shortcut first-keystroke="alt page_down" />
  </action>
  <action id="EditorMoveToPageBottomWithSelection" />
  <action id="EditorMoveToPageTop">
    <keyboard-shortcut first-keystroke="shift alt page_up" />
    <keyboard-shortcut first-keystroke="alt page_up" />
  </action>
  <action id="EditorMoveToPageTopWithSelection" />
  <action id="EditorNextWord">
    <keyboard-shortcut first-keystroke="ctrl right" />
    <keyboard-shortcut first-keystroke="ctrl #10000c7" />
  </action>
  <action id="EditorNextWordInDifferentHumpsMode">
    <keyboard-shortcut first-keystroke="ctrl alt right" />
    <keyboard-shortcut first-keystroke="ctrl alt #10000c7" />
  </action>
  <action id="EditorPageDown">
    <keyboard-shortcut first-keystroke="ctrl page_down" />
  </action>
  <action id="EditorPageDownWithSelection">
    <keyboard-shortcut first-keystroke="shift ctrl page_down" />
    <keyboard-shortcut first-keystroke="shift alt end" />
  </action>
  <action id="EditorPageUp">
    <keyboard-shortcut first-keystroke="ctrl page_up" />
  </action>
  <action id="EditorPageUpWithSelection">
    <keyboard-shortcut first-keystroke="shift ctrl page_up" />
    <keyboard-shortcut first-keystroke="shift alt home" />
  </action>
  <action id="EditorPreviousWord">
    <keyboard-shortcut first-keystroke="ctrl left" />
    <keyboard-shortcut first-keystroke="ctrl k" />
  </action>
  <action id="EditorPreviousWordInDifferentHumpsMode">
    <keyboard-shortcut first-keystroke="ctrl alt left" />
    <keyboard-shortcut first-keystroke="ctrl alt k" />
  </action>
  <action id="EditorPreviousWordInDifferentHumpsModeWithSelection">
    <keyboard-shortcut first-keystroke="shift ctrl alt j" />
  </action>
  <action id="EditorPreviousWordWithSelection">
    <keyboard-shortcut first-keystroke="shift ctrl left" />
    <keyboard-shortcut first-keystroke="shift ctrl k" />
  </action>
  <action id="EditorRight">
    <keyboard-shortcut first-keystroke="right" />
    <keyboard-shortcut first-keystroke="alt #10000c7" />
  </action>
  <action id="EditorRightWithSelection">
    <keyboard-shortcut first-keystroke="shift right" />
    <keyboard-shortcut first-keystroke="shift alt #10000c7" />
  </action>
  <action id="EditorScrollDown" />
  <action id="EditorScrollToCenter">
    <keyboard-shortcut first-keystroke="ctrl f24" />
    <keyboard-shortcut first-keystroke="alt f24" />
    <keyboard-shortcut first-keystroke="f24" />
    <keyboard-shortcut first-keystroke="shift ctrl f24" />
    <keyboard-shortcut first-keystroke="alt c" />
    <keyboard-shortcut first-keystroke="ctrl alt c" />
    <keyboard-shortcut first-keystroke="ctrl alt f24" />
    <keyboard-shortcut first-keystroke="shift alt f24" />
    <keyboard-shortcut first-keystroke="shift f24" />
  </action>
  <action id="EditorScrollUp" />
  <action id="EditorSelectWord">
    <keyboard-shortcut first-keystroke="ctrl w" />
    <keyboard-shortcut first-keystroke="alt s" />
  </action>
  <action id="EditorSplitLine">
    <keyboard-shortcut first-keystroke="ctrl alt enter" />
    <keyboard-shortcut first-keystroke="shift ctrl alt enter" />
  </action>
  <action id="EditorStartNewLine">
    <keyboard-shortcut first-keystroke="ctrl enter" />
  </action>
  <action id="EditorStartNewLineBefore">
    <keyboard-shortcut first-keystroke="shift enter" />
  </action>
  <action id="EditorTextEnd">
    <keyboard-shortcut first-keystroke="ctrl alt page_down" />
    <keyboard-shortcut first-keystroke="ctrl alt end" />
  </action>
  <action id="EditorTextEndWithSelection">
    <keyboard-shortcut first-keystroke="shift ctrl alt page_down" />
    <keyboard-shortcut first-keystroke="shift ctrl alt end" />
  </action>
  <action id="EditorTextStart">
    <keyboard-shortcut first-keystroke="ctrl alt page_up" />
    <keyboard-shortcut first-keystroke="ctrl alt home" />
  </action>
  <action id="EditorTextStartWithSelection">
    <keyboard-shortcut first-keystroke="shift ctrl alt page_up" />
    <keyboard-shortcut first-keystroke="shift ctrl alt home" />
  </action>
  <action id="EditorUp">
    <keyboard-shortcut first-keystroke="up" />
    <keyboard-shortcut first-keystroke="alt up" />
    <keyboard-shortcut first-keystroke="alt o" />
    <keyboard-shortcut first-keystroke="ctrl up" />
  </action>
  <action id="EditorUpWithSelection">
    <keyboard-shortcut first-keystroke="shift up" />
    <keyboard-shortcut first-keystroke="shift alt o" />
  </action>
  <action id="ExpandAllRegions">
    <keyboard-shortcut first-keystroke="shift ctrl alt add" />
  </action>
  <action id="ExpandAllToLevel1" />
  <action id="ExpandAllToLevel2" />
  <action id="ExpandAllToLevel3" />
  <action id="ExpandAllToLevel4" />
  <action id="ExpandAllToLevel5" />
  <action id="ExpandExpandableComponent">
    <keyboard-shortcut first-keystroke="ctrl add" />
    <keyboard-shortcut first-keystroke="ctrl equals" />
  </action>
  <action id="ExpandRegion">
    <keyboard-shortcut first-keystroke="ctrl add" />
    <keyboard-shortcut first-keystroke="alt e" />
  </action>
  <action id="ExpandRegionRecursively">
    <keyboard-shortcut first-keystroke="shift ctrl add" />
    <keyboard-shortcut first-keystroke="shift alt e" />
  </action>
  <action id="ExpandToLevel1" />
  <action id="ExpandToLevel2" />
  <action id="ExpandToLevel3" />
  <action id="ExpandToLevel4" />
  <action id="ExpandToLevel5" />
  <action id="ExportToTextFile" />
  <action id="ExternalSystem.ProjectRefreshAction" />
  <action id="ExtractMethod" />
  <action id="FileChooser.GotoDesktop" />
  <action id="FileChooser.NewFolder">
    <keyboard-shortcut first-keystroke="alt insert" />
  </action>
  <action id="FindNext">
    <keyboard-shortcut first-keystroke="f3" />
  </action>
  <action id="FindPrevious">
    <keyboard-shortcut first-keystroke="shift f3" />
  </action>
  <action id="ForceOthersToFollowAction" />
  <action id="Forward">
    <keyboard-shortcut first-keystroke="alt add" />
    <mouse-shortcut keystroke="button5" />
  </action>
  <action id="Generate" />
  <action id="Generate.Missing.Members.ES6" />
  <action id="Generate.Missing.Members.TypeScript" />
  <action id="Git.Commit.And.Push.Executor" />
  <action id="Git.Commit.Stage" />
  <action id="GotoClass" />
  <action id="GotoDeclaration">
    <keyboard-shortcut first-keystroke="ctrl b" />
    <mouse-shortcut keystroke="control button1" />
    <mouse-shortcut keystroke="button2" />
    <keyboard-shortcut first-keystroke="alt b" />
  </action>
  <action id="GotoNextBookmarkInEditor">
    <keyboard-shortcut first-keystroke="ctrl alt comma" />
    <keyboard-shortcut first-keystroke="ctrl alt down" />
  </action>
  <action id="GotoPreviousBookmarkInEditor">
    <keyboard-shortcut first-keystroke="shift alt comma" />
    <keyboard-shortcut first-keystroke="ctrl alt up" />
  </action>
  <action id="GotoRelated" />
  <action id="GotoTest" />
  <action id="GotoTypeDeclaration">
    <mouse-shortcut keystroke="shift control button1" />
  </action>
  <action id="Hg.Commit.And.Push.Executor" />
  <action id="HideAllWindows">
    <keyboard-shortcut first-keystroke="shift ctrl f12" />
    <keyboard-shortcut first-keystroke="alt quote" />
  </action>
  <action id="ImplementMethods" />
  <action id="InsertLiveTemplate" />
  <action id="IntroduceConstant" />
  <action id="IntroduceParameter" />
  <action id="JumpToLastChange" />
  <action id="List-scrollDown" />
  <action id="List-scrollUp" />
  <action id="List-scrollUpExtendSelection" />
  <action id="List-selectNextColumnExtendSelection">
    <keyboard-shortcut first-keystroke="shift right" />
  </action>
  <action id="Macro.DOWN x5">
    <keyboard-shortcut first-keystroke="page_down" />
    <keyboard-shortcut first-keystroke="ctrl alt l" />
  </action>
  <action id="Macro.DOWN x5 with Selection">
    <keyboard-shortcut first-keystroke="shift page_down" />
    <keyboard-shortcut first-keystroke="shift ctrl alt k" />
    <keyboard-shortcut first-keystroke="shift ctrl alt l" />
  </action>
  <action id="Macro.NEXT WORD x3">
    <keyboard-shortcut first-keystroke="ctrl end" />
    <keyboard-shortcut first-keystroke="ctrl n" />
  </action>
  <action id="Macro.PREV WORD x3">
    <keyboard-shortcut first-keystroke="ctrl home" />
    <keyboard-shortcut first-keystroke="ctrl h" />
  </action>
  <action id="Macro.UP x5">
    <keyboard-shortcut first-keystroke="page_up" />
    <keyboard-shortcut first-keystroke="ctrl alt o" />
  </action>
  <action id="Macro.UP x5 with Selection">
    <keyboard-shortcut first-keystroke="shift page_up" />
    <keyboard-shortcut first-keystroke="shift ctrl alt i" />
    <keyboard-shortcut first-keystroke="shift ctrl alt o" />
  </action>
  <action id="MaximizeEditorInSplit">
    <keyboard-shortcut first-keystroke="alt add" />
    <keyboard-shortcut first-keystroke="shift alt add" />
  </action>
  <action id="MethodDown" />
  <action id="MethodOverloadSwitchDown" />
  <action id="MethodOverloadSwitchUp" />
  <action id="MethodUp" />
  <action id="MoveEditorToOppositeTabGroup">
    <keyboard-shortcut first-keystroke="alt v" />
  </action>
  <action id="MoveElementLeft">
    <keyboard-shortcut first-keystroke="shift alt left" />
  </action>
  <action id="MoveElementRight">
    <keyboard-shortcut first-keystroke="shift alt right" />
  </action>
  <action id="MoveLineDown">
    <keyboard-shortcut first-keystroke="shift alt down" />
    <keyboard-shortcut first-keystroke="shift ctrl l" />
  </action>
  <action id="MoveLineUp">
    <keyboard-shortcut first-keystroke="shift alt up" />
    <keyboard-shortcut first-keystroke="shift ctrl o" />
  </action>
  <action id="MoveStatementDown" />
  <action id="MoveStatementUp" />
  <action id="MoveTabRight">
    <keyboard-shortcut first-keystroke="shift alt divide" />
  </action>
  <action id="NavBar-selectHome" />
  <action id="NewElement" />
  <action id="NewElementMenu">
    <keyboard-shortcut first-keystroke="alt insert" />
  </action>
  <action id="NextEditorTab" />
  <action id="NextOccurence" />
  <action id="NextSplitter">
    <keyboard-shortcut first-keystroke="alt q" />
  </action>
  <action id="OpenFile">
    <keyboard-shortcut first-keystroke="ctrl o" />
  </action>
  <action id="OpenInRightSplit">
    <keyboard-shortcut first-keystroke="alt enter" />
  </action>
  <action id="OptimizeImports" />
  <action id="OverrideMethods" />
  <action id="PinToolwindowTab">
    <keyboard-shortcut first-keystroke="ctrl alt quote" />
  </action>
  <action id="PrevSplitter">
    <keyboard-shortcut first-keystroke="shift alt v" />
  </action>
  <action id="PreviousEditorTab" />
  <action id="PreviousOccurence" />
  <action id="PreviousTab">
    <keyboard-shortcut first-keystroke="alt left" />
    <keyboard-shortcut first-keystroke="shift alt q" />
  </action>
  <action id="ProjectViewChangeView" />
  <action id="QuickActionPopup" />
  <action id="QuickJavaDoc">
    <mouse-shortcut keystroke="alt button2" />
  </action>
  <action id="ReformatCode" />
  <action id="ReformatWithPrettierAction" />
  <action id="ReopenClosedTab">
    <keyboard-shortcut first-keystroke="shift alt x" />
  </action>
  <action id="Rerun">
    <keyboard-shortcut first-keystroke="ctrl f5" />
    <keyboard-shortcut first-keystroke="ctrl r" />
  </action>
  <action id="RerunFailedTests">
    <keyboard-shortcut first-keystroke="shift alt 2" />
    <keyboard-shortcut first-keystroke="shift alt f9" />
  </action>
  <action id="RunClass">
    <keyboard-shortcut first-keystroke="shift alt 1" />
    <keyboard-shortcut first-keystroke="shift f10" />
  </action>
  <action id="RunDashboard.CopyConfiguration" />
  <action id="RunDashboard.Run">
    <keyboard-shortcut first-keystroke="shift alt 1" />
    <keyboard-shortcut first-keystroke="shift f10" />
  </action>
  <action id="RunInspection" />
  <action id="RunJsbtTask" />
  <action id="RunToolbarRerunAction">
    <keyboard-shortcut first-keystroke="shift f10" />
  </action>
  <action id="SafeDelete" />
  <action id="SearchEverywhere">
    <keyboard-shortcut first-keystroke="shift ctrl alt e" />
  </action>
  <action id="SearchEverywhere.NavigateToNextGroup" />
  <action id="SearchEverywhere.NavigateToPrevGroup" />
  <action id="SelectAllOccurrences" />
  <action id="SelectIn">
    <keyboard-shortcut first-keystroke="shift alt f1" />
  </action>
  <action id="SelectInProjectView">
    <keyboard-shortcut first-keystroke="alt f1" />
  </action>
  <action id="SelectNextOccurrence" />
  <action id="SelectVirtualTemplateElement" />
  <action id="SendEOF" />
  <action id="ServiceView.GroupByServiceGroups" />
  <action id="ServiceView.ShowServices" />
  <action id="ShowBookmarks" />
  <action id="ShowContent" />
  <action id="ShowNavBar" />
  <action id="ShowReformatFileDialog" />
  <action id="ShowSearchHistory" />
  <action id="ShowUmlDiagramPopup" />
  <action id="SplitChooser.Duplicate" />
  <action id="StepOut" />
  <action id="Stop">
    <keyboard-shortcut first-keystroke="shift f8" />
  </action>
  <action id="StretchSplitToBottom">
    <keyboard-shortcut first-keystroke="shift ctrl alt down" />
  </action>
  <action id="StretchSplitToLeft">
    <keyboard-shortcut first-keystroke="shift ctrl alt left" />
  </action>
  <action id="StretchSplitToRight">
    <keyboard-shortcut first-keystroke="shift ctrl alt right" />
  </action>
  <action id="StretchSplitToTop">
    <keyboard-shortcut first-keystroke="shift ctrl alt up" />
  </action>
  <action id="SurroundWithLiveTemplate" />
  <action id="Switcher" />
  <action id="SynchronizeCurrentFile">
    <keyboard-shortcut first-keystroke="f5" />
    <keyboard-shortcut first-keystroke="ctrl r" />
  </action>
  <action id="Table-scrollDownChangeSelection" />
  <action id="Table-scrollDownExtendSelection" />
  <action id="Table-scrollUpChangeSelection" />
  <action id="Table-selectFirstRow" />
  <action id="Table-selectNextColumnExtendSelection">
    <keyboard-shortcut first-keystroke="shift right" />
  </action>
  <action id="Table-selectPreviousRowExtendSelection">
    <keyboard-shortcut first-keystroke="shift up" />
  </action>
  <action id="Terminal.ClearBuffer" />
  <action id="Terminal.MoveToolWindowTabLeft" />
  <action id="Terminal.MoveToolWindowTabRight" />
  <action id="Terminal.NextSplitter" />
  <action id="Terminal.OpenInTerminal">
    <keyboard-shortcut first-keystroke="alt t" />
  </action>
  <action id="Terminal.PrevSplitter" />
  <action id="Terminal.RenameSession">
    <keyboard-shortcut first-keystroke="ctrl r" />
  </action>
  <action id="Terminal.SmartCommandExecution.Debug" />
  <action id="TextSearchAction" />
  <action id="TodoViewGroupByFlattenPackage" />
  <action id="TodoViewGroupByShowModules" />
  <action id="TodoViewGroupByShowPackages" />
  <action id="ToggleBookmark">
    <keyboard-shortcut first-keystroke="f11" />
    <keyboard-shortcut first-keystroke="alt divide" />
    <keyboard-shortcut first-keystroke="alt comma" />
  </action>
  <action id="ToggleBreakpointEnabled">
    <keyboard-shortcut first-keystroke="shift ctrl multiply" />
    <keyboard-shortcut first-keystroke="shift alt multiply" />
    <keyboard-shortcut first-keystroke="shift alt m" />
  </action>
  <action id="ToggleDistractionFreeMode">
    <keyboard-shortcut first-keystroke="alt f12" />
  </action>
  <action id="ToggleLineBreakpoint">
    <keyboard-shortcut first-keystroke="ctrl f8" />
    <keyboard-shortcut first-keystroke="ctrl multiply" />
    <keyboard-shortcut first-keystroke="alt multiply" />
    <keyboard-shortcut first-keystroke="alt period" />
  </action>
  <action id="ToggleTemporaryLineBreakpoint" />
  <action id="Tree-scrollDownExtendSelection" />
  <action id="Tree-scrollUpExtendSelection" />
  <action id="Tree-selectFirst" />
  <action id="Tree-selectLastExtendSelection" />
  <action id="Tree-selectPreviousExtendSelection">
    <keyboard-shortcut first-keystroke="shift up" />
  </action>
  <action id="TypeHierarchy" />
  <action id="TypeHierarchyBase.BaseOnThisType" />
  <action id="Uml.ShowDiff" />
  <action id="UnselectPreviousOccurrence" />
  <action id="UnsplitAll">
    <keyboard-shortcut first-keystroke="shift alt clear" />
  </action>
  <action id="Unwrap" />
  <action id="UsageFiltering.Imports" />
  <action id="UsageGrouping.Directory" />
  <action id="UsageGrouping.DirectoryStructure" />
  <action id="UsageGrouping.FlattenModules" />
  <action id="UsageGrouping.Module" />
  <action id="UsageView.Exclude">
    <keyboard-shortcut first-keystroke="delete" />
  </action>
  <action id="UsageView.ShowRecentFindUsages" />
  <action id="Vcs.Log.FocusTextFilter" />
  <action id="Vcs.Log.ShowAllAffected" />
  <action id="Vcs.Log.ShowTooltip" />
  <action id="Vcs.MoveChangedLinesToChangelist" />
  <action id="Vcs.Push" />
  <action id="Vcs.ToggleAmendCommitMode" />
  <action id="VcsHistory.ShowAllAffected" />
  <action id="VcsShowNextChangeMarker" />
  <action id="VcsShowPrevChangeMarker" />
  <action id="ViewSource" />
  <action id="ViewToolBar">
    <keyboard-shortcut first-keystroke="alt f11" />
  </action>
  <action id="WD.UploadCurrentRemoteFileAction" />
  <action id="XDebugger.CopyWatch" />
  <action id="context.clear" />
  <action id="context.load" />
  <action id="context.save" />
  <action id="hg4idea.QFold" />
  <action id="hg4idea.QPushAction" />
  <action id="org.intellij.plugins.markdown.ui.actions.styling.ToggleItalicAction" />
  <action id="runShellFileAction">
    <keyboard-shortcut first-keystroke="shift f10" />
  </action>
  <action id="tasks.close" />
  <action id="tasks.goto" />
</keymap>